"","Site_ID","COMID","Lat","Long","Date","Month","Year","WY","minQ.cfs","medianQ.cfs","meanQ.cfs","maxQ.cfs","Type","Notes_on_Nearby_Gage_Location"
"1","NFY",8058675,39.5112,-120.9785,1999-01-01,1,1999,1999,292,775,1179.45,4990,"observed","Just upstream of site, followed by confluence of two small tribs"
"2","NFY",8058675,39.5112,-120.9785,1999-02-01,2,1999,1999,669,1320,1595.46,5870,"observed","Just upstream of site, followed by confluence of two small tribs"
"3","NFY",8058675,39.5112,-120.9785,1999-03-01,3,1999,1999,903,991,1240.84,2770,"observed","Just upstream of site, followed by confluence of two small tribs"
"4","NFY",8058675,39.5112,-120.9785,1999-04-01,4,1999,1999,731,1185,1273.5,2160,"observed","Just upstream of site, followed by confluence of two small tribs"
"5","NFY",8058675,39.5112,-120.9785,1999-05-01,5,1999,1999,1400,2140,2308.06,3660,"observed","Just upstream of site, followed by confluence of two small tribs"
"6","NFY",8058675,39.5112,-120.9785,1999-06-01,6,1999,1999,786,1650,1551.27,2580,"observed","Just upstream of site, followed by confluence of two small tribs"
"7","NFY",8058675,39.5112,-120.9785,1999-07-01,7,1999,1999,272,377,421.35,758,"observed","Just upstream of site, followed by confluence of two small tribs"
"8","NFY",8058675,39.5112,-120.9785,1999-08-01,8,1999,1999,203,238,237.19,289,"observed","Just upstream of site, followed by confluence of two small tribs"
"9","NFY",8058675,39.5112,-120.9785,1999-09-01,9,1999,1999,168,181.5,183.2,203,"observed","Just upstream of site, followed by confluence of two small tribs"
"10","NFY",8058675,39.5112,-120.9785,1999-10-01,10,1999,2000,157,167,181.45,596,"observed","Just upstream of site, followed by confluence of two small tribs"
"11","NFY",8058675,39.5112,-120.9785,1999-11-01,11,1999,2000,169,201.5,220.97,413,"observed","Just upstream of site, followed by confluence of two small tribs"
"12","NFY",8058675,39.5112,-120.9785,1999-12-01,12,1999,2000,180,199,205.71,309,"observed","Just upstream of site, followed by confluence of two small tribs"
"13","NFY",8058675,39.5112,-120.9785,2000-01-01,1,2000,2000,171,629,808.03,2900,"observed","Just upstream of site, followed by confluence of two small tribs"
"14","NFY",8058675,39.5112,-120.9785,2000-02-01,2,2000,2000,695,1150,1515.72,7160,"observed","Just upstream of site, followed by confluence of two small tribs"
"15","NFY",8058675,39.5112,-120.9785,2000-03-01,3,2000,2000,1040,1160,1171.61,1450,"observed","Just upstream of site, followed by confluence of two small tribs"
"16","NFY",8058675,39.5112,-120.9785,2000-04-01,4,2000,2000,1140,1620,1626.33,2550,"observed","Just upstream of site, followed by confluence of two small tribs"
"17","NFY",8058675,39.5112,-120.9785,2000-05-01,5,2000,2000,1160,1720,1721.61,2740,"observed","Just upstream of site, followed by confluence of two small tribs"
"18","NFY",8058675,39.5112,-120.9785,2000-06-01,6,2000,2000,334,631,644.57,1070,"observed","Just upstream of site, followed by confluence of two small tribs"
"19","NFY",8058675,39.5112,-120.9785,2000-07-01,7,2000,2000,199,247,253.06,323,"observed","Just upstream of site, followed by confluence of two small tribs"
"20","NFY",8058675,39.5112,-120.9785,2000-08-01,8,2000,2000,158,171,173.9,197,"observed","Just upstream of site, followed by confluence of two small tribs"
"21","NFY",8058675,39.5112,-120.9785,2000-09-01,9,2000,2000,145,156,162.37,256,"observed","Just upstream of site, followed by confluence of two small tribs"
"22","NFY",8058675,39.5112,-120.9785,2000-10-01,10,2000,2001,140,153,166.52,363,"observed","Just upstream of site, followed by confluence of two small tribs"
"23","NFY",8058675,39.5112,-120.9785,2000-11-01,11,2000,2001,151,158.5,163.27,236,"observed","Just upstream of site, followed by confluence of two small tribs"
"24","NFY",8058675,39.5112,-120.9785,2000-12-01,12,2000,2001,156,177,184.94,327,"observed","Just upstream of site, followed by confluence of two small tribs"
"25","NFY",8058675,39.5112,-120.9785,2001-01-01,1,2001,2001,157,168,176.29,250,"observed","Just upstream of site, followed by confluence of two small tribs"
"26","NFY",8058675,39.5112,-120.9785,2001-02-01,2,2001,2001,169,203,250,561,"observed","Just upstream of site, followed by confluence of two small tribs"
"27","NFY",8058675,39.5112,-120.9785,2001-03-01,3,2001,2001,243,530,646.74,1740,"observed","Just upstream of site, followed by confluence of two small tribs"
"28","NFY",8058675,39.5112,-120.9785,2001-04-01,4,2001,2001,430,686.5,741.3,1290,"observed","Just upstream of site, followed by confluence of two small tribs"
"29","NFY",8058675,39.5112,-120.9785,2001-05-01,5,2001,2001,311,953,857.52,1330,"observed","Just upstream of site, followed by confluence of two small tribs"
"30","NFY",8058675,39.5112,-120.9785,2001-06-01,6,2001,2001,165,199,210.9,297,"observed","Just upstream of site, followed by confluence of two small tribs"
"31","NFY",8058675,39.5112,-120.9785,2001-07-01,7,2001,2001,117,134,135.81,160,"observed","Just upstream of site, followed by confluence of two small tribs"
"32","NFY",8058675,39.5112,-120.9785,2001-08-01,8,2001,2001,103,108,108.94,119,"observed","Just upstream of site, followed by confluence of two small tribs"
"33","NFY",8058675,39.5112,-120.9785,2001-09-01,9,2001,2001,98,101,102.37,122,"observed","Just upstream of site, followed by confluence of two small tribs"
"34","NFY",8058675,39.5112,-120.9785,2001-10-01,10,2001,2002,97,98,102.42,170,"observed","Just upstream of site, followed by confluence of two small tribs"
"35","NFY",8058675,39.5112,-120.9785,2001-11-01,11,2001,2002,103,122.5,216.57,1060,"observed","Just upstream of site, followed by confluence of two small tribs"
"36","NFY",8058675,39.5112,-120.9785,2001-12-01,12,2001,2002,243,370,455.61,1660,"observed","Just upstream of site, followed by confluence of two small tribs"
"37","NFY",8058675,39.5112,-120.9785,2002-01-01,1,2002,2002,326,552,740.94,1780,"observed","Just upstream of site, followed by confluence of two small tribs"
"38","NFY",8058675,39.5112,-120.9785,2002-02-01,2,2002,2002,291,412,560.29,1360,"observed","Just upstream of site, followed by confluence of two small tribs"
"39","NFY",8058675,39.5112,-120.9785,2002-03-01,3,2002,2002,571,786,814.87,1500,"observed","Just upstream of site, followed by confluence of two small tribs"
"40","NFY",8058675,39.5112,-120.9785,2002-04-01,4,2002,2002,927,1315,1386.3,2160,"observed","Just upstream of site, followed by confluence of two small tribs"
"41","NFY",8058675,39.5112,-120.9785,2002-05-01,5,2002,2002,911,1280,1233.87,1530,"observed","Just upstream of site, followed by confluence of two small tribs"
"42","NFY",8058675,39.5112,-120.9785,2002-06-01,6,2002,2002,269,464.5,560.17,1250,"observed","Just upstream of site, followed by confluence of two small tribs"
"43","NFY",8058675,39.5112,-120.9785,2002-07-01,7,2002,2002,155,189,195.19,261,"observed","Just upstream of site, followed by confluence of two small tribs"
"44","NFY",8058675,39.5112,-120.9785,2002-08-01,8,2002,2002,126,135,137.58,153,"observed","Just upstream of site, followed by confluence of two small tribs"
"45","NFY",8058675,39.5112,-120.9785,2002-09-01,9,2002,2002,114,120,120.03,128,"observed","Just upstream of site, followed by confluence of two small tribs"
"46","NFY",8058675,39.5112,-120.9785,2002-10-01,10,2002,2003,108,111,110.9,116,"observed","Just upstream of site, followed by confluence of two small tribs"
"47","NFY",8058675,39.5112,-120.9785,2002-11-01,11,2002,2003,110,196.5,278.97,1080,"observed","Just upstream of site, followed by confluence of two small tribs"
"48","NFY",8058675,39.5112,-120.9785,2002-12-01,12,2002,2003,141,480,804,3230,"observed","Just upstream of site, followed by confluence of two small tribs"
"49","NFY",8058675,39.5112,-120.9785,2003-01-01,1,2003,2003,745,1040,1192.03,2610,"observed","Just upstream of site, followed by confluence of two small tribs"
"50","NFY",8058675,39.5112,-120.9785,2003-02-01,2,2003,2003,549,740,779.96,1310,"observed","Just upstream of site, followed by confluence of two small tribs"
"51","NFY",8058675,39.5112,-120.9785,2003-03-01,3,2003,2003,460,926,1016.39,2520,"observed","Just upstream of site, followed by confluence of two small tribs"
"52","NFY",8058675,39.5112,-120.9785,2003-04-01,4,2003,2003,934,1245,1268.6,1660,"observed","Just upstream of site, followed by confluence of two small tribs"
"53","NFY",8058675,39.5112,-120.9785,2003-05-01,5,2003,2003,1290,2200,2219.68,3060,"observed","Just upstream of site, followed by confluence of two small tribs"
"54","NFY",8058675,39.5112,-120.9785,2003-06-01,6,2003,2003,470,956,1206.6,2460,"observed","Just upstream of site, followed by confluence of two small tribs"
"55","NFY",8058675,39.5112,-120.9785,2003-07-01,7,2003,2003,232,297,313.68,454,"observed","Just upstream of site, followed by confluence of two small tribs"
"56","NFY",8058675,39.5112,-120.9785,2003-08-01,8,2003,2003,181,205,218.06,310,"observed","Just upstream of site, followed by confluence of two small tribs"
"57","NFY",8058675,39.5112,-120.9785,2003-09-01,9,2003,2003,140,153.5,157.43,187,"observed","Just upstream of site, followed by confluence of two small tribs"
"58","NFY",8058675,39.5112,-120.9785,2003-10-01,10,2003,2004,129,137,136.29,144,"observed","Just upstream of site, followed by confluence of two small tribs"
"59","NFY",8058675,39.5112,-120.9785,2003-11-01,11,2003,2004,142,155.5,164.23,291,"observed","Just upstream of site, followed by confluence of two small tribs"
"60","NFY",8058675,39.5112,-120.9785,2003-12-01,12,2003,2004,163,483,574.48,1470,"observed","Just upstream of site, followed by confluence of two small tribs"
"61","NFY",8058675,39.5112,-120.9785,2004-01-01,1,2004,2004,381,494,508.26,921,"observed","Just upstream of site, followed by confluence of two small tribs"
"62","NFY",8058675,39.5112,-120.9785,2004-02-01,2,2004,2004,337,569,870.97,2520,"observed","Just upstream of site, followed by confluence of two small tribs"
"63","NFY",8058675,39.5112,-120.9785,2004-03-01,3,2004,2004,687,1280,1304.19,1930,"observed","Just upstream of site, followed by confluence of two small tribs"
"64","NFY",8058675,39.5112,-120.9785,2004-04-01,4,2004,2004,942,1370,1320.63,1730,"observed","Just upstream of site, followed by confluence of two small tribs"
"65","NFY",8058675,39.5112,-120.9785,2004-05-01,5,2004,2004,859,1110,1240,1920,"observed","Just upstream of site, followed by confluence of two small tribs"
"66","NFY",8058675,39.5112,-120.9785,2004-06-01,6,2004,2004,272,409.5,460.17,841,"observed","Just upstream of site, followed by confluence of two small tribs"
"67","NFY",8058675,39.5112,-120.9785,2004-07-01,7,2004,2004,155,187,197.81,283,"observed","Just upstream of site, followed by confluence of two small tribs"
"68","NFY",8058675,39.5112,-120.9785,2004-08-01,8,2004,2004,126,138,139.06,154,"observed","Just upstream of site, followed by confluence of two small tribs"
"69","NFY",8058675,39.5112,-120.9785,2004-09-01,9,2004,2004,120,122.5,123.9,139,"observed","Just upstream of site, followed by confluence of two small tribs"
"70","NFY",8058675,39.5112,-120.9785,2004-10-01,10,2004,2005,116,125,170.48,351,"observed","Just upstream of site, followed by confluence of two small tribs"
"71","NFY",8058675,39.5112,-120.9785,2004-11-01,11,2004,2005,149,169,173.1,223,"observed","Just upstream of site, followed by confluence of two small tribs"
"72","NFY",8058675,39.5112,-120.9785,2004-12-01,12,2004,2005,147,261,326.71,1100,"observed","Just upstream of site, followed by confluence of two small tribs"
"73","NFY",8058675,39.5112,-120.9785,2005-01-01,1,2005,2005,257,441,503.94,1180,"observed","Just upstream of site, followed by confluence of two small tribs"
"74","NFY",8058675,39.5112,-120.9785,2005-02-01,2,2005,2005,408,601,588.11,957,"observed","Just upstream of site, followed by confluence of two small tribs"
"75","NFY",8058675,39.5112,-120.9785,2005-03-01,3,2005,2005,614,927,1062.26,2440,"observed","Just upstream of site, followed by confluence of two small tribs"
"76","NFY",8058675,39.5112,-120.9785,2005-04-01,4,2005,2005,1040,1215,1234,1480,"observed","Just upstream of site, followed by confluence of two small tribs"
"77","NFY",8058675,39.5112,-120.9785,2005-05-01,5,2005,2005,1470,2700,3296.77,12800,"observed","Just upstream of site, followed by confluence of two small tribs"
"78","NFY",8058675,39.5112,-120.9785,2005-06-01,6,2005,2005,744,1440,1413.53,2490,"observed","Just upstream of site, followed by confluence of two small tribs"
"79","NFY",8058675,39.5112,-120.9785,2005-07-01,7,2005,2005,260,372,413.39,711,"observed","Just upstream of site, followed by confluence of two small tribs"
"80","NFY",8058675,39.5112,-120.9785,2005-08-01,8,2005,2005,176,209,210.52,254,"observed","Just upstream of site, followed by confluence of two small tribs"
"81","NFY",8058675,39.5112,-120.9785,2005-09-01,9,2005,2005,157,170.5,168.63,187,"observed","Just upstream of site, followed by confluence of two small tribs"
"82","NFY",8058675,39.5112,-120.9785,2005-10-01,10,2005,2006,147,154,163.61,301,"observed","Just upstream of site, followed by confluence of two small tribs"
"83","NFY",8058675,39.5112,-120.9785,2005-11-01,11,2005,2006,152,179.5,213.73,530,"observed","Just upstream of site, followed by confluence of two small tribs"
"84","NFY",8058675,39.5112,-120.9785,2005-12-01,12,2005,2006,240,973,2699.35,20500,"observed","Just upstream of site, followed by confluence of two small tribs"
"85","NFY",8058675,39.5112,-120.9785,2006-01-01,1,2006,2006,973,1440,1905.9,8140,"observed","Just upstream of site, followed by confluence of two small tribs"
"86","NFY",8058675,39.5112,-120.9785,2006-02-01,2,2006,2006,766,1230,1610.96,6880,"observed","Just upstream of site, followed by confluence of two small tribs"
"87","NFY",8058675,39.5112,-120.9785,2006-03-01,3,2006,2006,875,1370,1447.55,3020,"observed","Just upstream of site, followed by confluence of two small tribs"
"88","NFY",8058675,39.5112,-120.9785,2006-04-01,4,2006,2006,1430,2650,2860.67,4980,"observed","Just upstream of site, followed by confluence of two small tribs"
"89","NFY",8058675,39.5112,-120.9785,2006-05-01,5,2006,2006,1890,3650,3510.65,4710,"observed","Just upstream of site, followed by confluence of two small tribs"
"90","NFY",8058675,39.5112,-120.9785,2006-06-01,6,2006,2006,679,1245,1434.73,2490,"observed","Just upstream of site, followed by confluence of two small tribs"
"91","NFY",8058675,39.5112,-120.9785,2006-07-01,7,2006,2006,283,382,408.71,642,"observed","Just upstream of site, followed by confluence of two small tribs"
"92","NFY",8058675,39.5112,-120.9785,2006-08-01,8,2006,2006,195,229,231.58,280,"observed","Just upstream of site, followed by confluence of two small tribs"
"93","NFY",8058675,39.5112,-120.9785,2006-09-01,9,2006,2006,166,178,178.17,193,"observed","Just upstream of site, followed by confluence of two small tribs"
"94","NFY",8058675,39.5112,-120.9785,2006-10-01,10,2006,2007,155,166,167.68,196,"observed","Just upstream of site, followed by confluence of two small tribs"
"95","NFY",8058675,39.5112,-120.9785,2006-11-01,11,2006,2007,156,203.5,225.1,642,"observed","Just upstream of site, followed by confluence of two small tribs"
"96","NFY",8058675,39.5112,-120.9785,2006-12-01,12,2006,2007,183,378,462.39,1430,"observed","Just upstream of site, followed by confluence of two small tribs"
"97","NFY",8058675,39.5112,-120.9785,2007-01-01,1,2007,2007,222,292,364.16,1320,"observed","Just upstream of site, followed by confluence of two small tribs"
"98","NFY",8058675,39.5112,-120.9785,2007-02-01,2,2007,2007,212,650.5,881.29,3840,"observed","Just upstream of site, followed by confluence of two small tribs"
"99","NFY",8058675,39.5112,-120.9785,2007-03-01,3,2007,2007,498,910,916.29,1370,"observed","Just upstream of site, followed by confluence of two small tribs"
"100","NFY",8058675,39.5112,-120.9785,2007-04-01,4,2007,2007,624,862.5,866.87,1200,"observed","Just upstream of site, followed by confluence of two small tribs"
"101","NFY",8058675,39.5112,-120.9785,2007-05-01,5,2007,2007,461,909,861.61,1520,"observed","Just upstream of site, followed by confluence of two small tribs"
"102","NFY",8058675,39.5112,-120.9785,2007-06-01,6,2007,2007,195,264.5,292.23,456,"observed","Just upstream of site, followed by confluence of two small tribs"
"103","NFY",8058675,39.5112,-120.9785,2007-07-01,7,2007,2007,138,159,161.13,191,"observed","Just upstream of site, followed by confluence of two small tribs"
"104","NFY",8058675,39.5112,-120.9785,2007-08-01,8,2007,2007,121,129,128.52,138,"observed","Just upstream of site, followed by confluence of two small tribs"
"105","NFY",8058675,39.5112,-120.9785,2007-09-01,9,2007,2007,116,119,121.2,138,"observed","Just upstream of site, followed by confluence of two small tribs"
"106","NFY",8058675,39.5112,-120.9785,2007-10-01,10,2007,2008,124,138,155.87,521,"observed","Just upstream of site, followed by confluence of two small tribs"
"107","NFY",8058675,39.5112,-120.9785,2007-11-01,11,2007,2008,128,132.5,140.1,237,"observed","Just upstream of site, followed by confluence of two small tribs"
"108","NFY",8058675,39.5112,-120.9785,2007-12-01,12,2007,2008,126,152,158.81,282,"observed","Just upstream of site, followed by confluence of two small tribs"
"109","NFY",8058675,39.5112,-120.9785,2008-01-01,1,2008,2008,148,251,301.97,982,"observed","Just upstream of site, followed by confluence of two small tribs"
"110","NFY",8058675,39.5112,-120.9785,2008-02-01,2,2008,2008,234,334,386.66,834,"observed","Just upstream of site, followed by confluence of two small tribs"
"111","NFY",8058675,39.5112,-120.9785,2008-03-01,3,2008,2008,405,613,624.84,1030,"observed","Just upstream of site, followed by confluence of two small tribs"
"112","NFY",8058675,39.5112,-120.9785,2008-04-01,4,2008,2008,586,836.5,903.3,1650,"observed","Just upstream of site, followed by confluence of two small tribs"
"113","NFY",8058675,39.5112,-120.9785,2008-05-01,5,2008,2008,705,1390,1381.45,2220,"observed","Just upstream of site, followed by confluence of two small tribs"
"114","NFY",8058675,39.5112,-120.9785,2008-06-01,6,2008,2008,212,357,396.2,696,"observed","Just upstream of site, followed by confluence of two small tribs"
"115","NFY",8058675,39.5112,-120.9785,2008-07-01,7,2008,2008,136,159,163.26,206,"observed","Just upstream of site, followed by confluence of two small tribs"
"116","NFY",8058675,39.5112,-120.9785,2008-08-01,8,2008,2008,111,121,122.74,135,"observed","Just upstream of site, followed by confluence of two small tribs"
"117","NFY",8058675,39.5112,-120.9785,2008-09-01,9,2008,2008,98,105,105.13,112,"observed","Just upstream of site, followed by confluence of two small tribs"
"118","NFY",8058675,39.5112,-120.9785,2008-10-01,10,2008,2009,98,106,111.71,218,"observed","Just upstream of site, followed by confluence of two small tribs"
"119","NFY",8058675,39.5112,-120.9785,2008-11-01,11,2008,2009,129,157,209.5,996,"observed","Just upstream of site, followed by confluence of two small tribs"
"120","NFY",8058675,39.5112,-120.9785,2008-12-01,12,2008,2009,120,128,149,348,"observed","Just upstream of site, followed by confluence of two small tribs"
"121","NFY",8058675,39.5112,-120.9785,2009-01-01,1,2009,2009,154,237,305.81,995,"observed","Just upstream of site, followed by confluence of two small tribs"
"122","NFY",8058675,39.5112,-120.9785,2009-02-01,2,2009,2009,239,279.5,726.86,3890,"observed","Just upstream of site, followed by confluence of two small tribs"
"123","NFY",8058675,39.5112,-120.9785,2009-03-01,3,2009,2009,703,1070,1273.29,3840,"observed","Just upstream of site, followed by confluence of two small tribs"
"124","NFY",8058675,39.5112,-120.9785,2009-04-01,4,2009,2009,788,946,1086.77,1970,"observed","Just upstream of site, followed by confluence of two small tribs"
"125","NFY",8058675,39.5112,-120.9785,2009-05-01,5,2009,2009,881,1830,2111.94,7190,"observed","Just upstream of site, followed by confluence of two small tribs"
"126","NFY",8058675,39.5112,-120.9785,2009-06-01,6,2009,2009,265,462,502.47,842,"observed","Just upstream of site, followed by confluence of two small tribs"
"127","NFY",8058675,39.5112,-120.9785,2009-07-01,7,2009,2009,161,195,199.61,259,"observed","Just upstream of site, followed by confluence of two small tribs"
"128","NFY",8058675,39.5112,-120.9785,2009-08-01,8,2009,2009,125,142,143.13,174,"observed","Just upstream of site, followed by confluence of two small tribs"
"129","NFY",8058675,39.5112,-120.9785,2009-09-01,9,2009,2009,109,118.5,117,125,"observed","Just upstream of site, followed by confluence of two small tribs"
"130","NFY",8058675,39.5112,-120.9785,2009-10-01,10,2009,2010,111,123,148.19,578,"observed","Just upstream of site, followed by confluence of two small tribs"
"131","NFY",8058675,39.5112,-120.9785,2009-11-01,11,2009,2010,119,128.5,130.33,153,"observed","Just upstream of site, followed by confluence of two small tribs"
"132","NFY",8058675,39.5112,-120.9785,2009-12-01,12,2009,2010,121,163,176.87,341,"observed","Just upstream of site, followed by confluence of two small tribs"
"133","NFY",8058675,39.5112,-120.9785,2010-01-01,1,2010,2010,169,370,394.61,863,"observed","Just upstream of site, followed by confluence of two small tribs"
"134","NFY",8058675,39.5112,-120.9785,2010-02-01,2,2010,2010,331,438.5,462.96,878,"observed","Just upstream of site, followed by confluence of two small tribs"
"135","NFY",8058675,39.5112,-120.9785,2010-03-01,3,2010,2010,457,651,685.61,1610,"observed","Just upstream of site, followed by confluence of two small tribs"
"136","NFY",8058675,39.5112,-120.9785,2010-04-01,4,2010,2010,754,926,1129.47,2430,"observed","Just upstream of site, followed by confluence of two small tribs"
"137","NFY",8058675,39.5112,-120.9785,2010-05-01,5,2010,2010,1240,1570,1616.13,2290,"observed","Just upstream of site, followed by confluence of two small tribs"
"138","NFY",8058675,39.5112,-120.9785,2010-06-01,6,2010,2010,1020,1965,2112,4290,"observed","Just upstream of site, followed by confluence of two small tribs"
"139","NFY",8058675,39.5112,-120.9785,2010-07-01,7,2010,2010,248,385,446.45,912,"observed","Just upstream of site, followed by confluence of two small tribs"
"140","NFY",8058675,39.5112,-120.9785,2010-08-01,8,2010,2010,169,195,198.68,242,"observed","Just upstream of site, followed by confluence of two small tribs"
"141","NFY",8058675,39.5112,-120.9785,2010-09-01,9,2010,2010,140,152.5,154.17,174,"observed","Just upstream of site, followed by confluence of two small tribs"
"142","NFY",8058675,39.5112,-120.9785,2010-10-01,10,2010,2011,138,154,288.32,2160,"observed","Just upstream of site, followed by confluence of two small tribs"
"143","NFY",8058675,39.5112,-120.9785,2010-11-01,11,2010,2011,182,282.5,319.73,656,"observed","Just upstream of site, followed by confluence of two small tribs"
"144","NFY",8058675,39.5112,-120.9785,2010-12-01,12,2010,2011,251,1300,1665.55,6380,"observed","Just upstream of site, followed by confluence of two small tribs"
"145","NFY",8058675,39.5112,-120.9785,2011-01-01,1,2011,2011,599,763,778.16,1030,"observed","Just upstream of site, followed by confluence of two small tribs"
"146","NFY",8058675,39.5112,-120.9785,2011-02-01,2,2011,2011,532,625,671.25,1110,"observed","Just upstream of site, followed by confluence of two small tribs"
"147","NFY",8058675,39.5112,-120.9785,2011-03-01,3,2011,2011,592,1400,1634.61,4990,"observed","Just upstream of site, followed by confluence of two small tribs"
"148","NFY",8058675,39.5112,-120.9785,2011-04-01,4,2011,2011,1350,2195,2325.33,4420,"observed","Just upstream of site, followed by confluence of two small tribs"
"149","NFY",8058675,39.5112,-120.9785,2011-05-01,5,2011,2011,1640,2280,2344.84,3380,"observed","Just upstream of site, followed by confluence of two small tribs"
"150","NFY",8058675,39.5112,-120.9785,2011-06-01,6,2011,2011,1520,3340,3073,4040,"observed","Just upstream of site, followed by confluence of two small tribs"
"151","NFY",8058675,39.5112,-120.9785,2011-07-01,7,2011,2011,568,1110,1354.9,2700,"observed","Just upstream of site, followed by confluence of two small tribs"
"152","NFY",8058675,39.5112,-120.9785,2011-08-01,8,2011,2011,261,347,363.32,547,"observed","Just upstream of site, followed by confluence of two small tribs"
"153","NFY",8058675,39.5112,-120.9785,2011-09-01,9,2011,2011,193,229,225.97,266,"observed","Just upstream of site, followed by confluence of two small tribs"
"154","NFY",8058675,39.5112,-120.9785,2011-10-01,10,2011,2012,190,205,240.26,496,"observed","Just upstream of site, followed by confluence of two small tribs"
"155","NFY",8058675,39.5112,-120.9785,2011-11-01,11,2011,2012,189,213.5,214.6,259,"observed","Just upstream of site, followed by confluence of two small tribs"
"156","NFY",8058675,39.5112,-120.9785,2011-12-01,12,2011,2012,166,179,179.81,201,"observed","Just upstream of site, followed by confluence of two small tribs"
"157","NFY",8058675,39.5112,-120.9785,2012-01-01,1,2012,2012,145,173,316.74,1970,"observed","Just upstream of site, followed by confluence of two small tribs"
"158","NFY",8058675,39.5112,-120.9785,2012-02-01,2,2012,2012,224,238,248.17,301,"observed","Just upstream of site, followed by confluence of two small tribs"
"159","NFY",8058675,39.5112,-120.9785,2012-03-01,3,2012,2012,250,1020,1223.06,6850,"observed","Just upstream of site, followed by confluence of two small tribs"
"160","NFY",8058675,39.5112,-120.9785,2012-04-01,4,2012,2012,910,1290,1795.2,6080,"observed","Just upstream of site, followed by confluence of two small tribs"
"161","NFY",8058675,39.5112,-120.9785,2012-05-01,5,2012,2012,699,1610,1456.71,2720,"observed","Just upstream of site, followed by confluence of two small tribs"
"162","NFY",8058675,39.5112,-120.9785,2012-06-01,6,2012,2012,275,410.5,473.03,929,"observed","Just upstream of site, followed by confluence of two small tribs"
"163","NFY",8058675,39.5112,-120.9785,2012-07-01,7,2012,2012,173,206,212.32,270,"observed","Just upstream of site, followed by confluence of two small tribs"
"164","NFY",8058675,39.5112,-120.9785,2012-08-01,8,2012,2012,129,146,146.94,172,"observed","Just upstream of site, followed by confluence of two small tribs"
"165","NFY",8058675,39.5112,-120.9785,2012-09-01,9,2012,2012,114,117,120.03,129,"observed","Just upstream of site, followed by confluence of two small tribs"
"166","NFY",8058675,39.5112,-120.9785,2012-10-01,10,2012,2013,114,116,132.61,218,"observed","Just upstream of site, followed by confluence of two small tribs"
"167","NFY",8058675,39.5112,-120.9785,2012-11-01,11,2012,2013,152,267,638.17,8050,"observed","Just upstream of site, followed by confluence of two small tribs"
"168","NFY",8058675,39.5112,-120.9785,2012-12-01,12,2012,2013,620,971,1687.58,10200,"observed","Just upstream of site, followed by confluence of two small tribs"
"169","NFY",8058675,39.5112,-120.9785,2013-01-01,1,2013,2013,442,512,538.03,794,"observed","Just upstream of site, followed by confluence of two small tribs"
"170","NFY",8058675,39.5112,-120.9785,2013-02-01,2,2013,2013,374,450.5,471.11,588,"observed","Just upstream of site, followed by confluence of two small tribs"
"171","NFY",8058675,39.5112,-120.9785,2013-03-01,3,2013,2013,389,625,658.42,1250,"observed","Just upstream of site, followed by confluence of two small tribs"
"172","NFY",8058675,39.5112,-120.9785,2013-04-01,4,2013,2013,674,836.5,867.47,1370,"observed","Just upstream of site, followed by confluence of two small tribs"
"173","NFY",8058675,39.5112,-120.9785,2013-05-01,5,2013,2013,300,490,484.1,703,"observed","Just upstream of site, followed by confluence of two small tribs"
"174","NFY",8058675,39.5112,-120.9785,2013-06-01,6,2013,2013,179,211,230.37,463,"observed","Just upstream of site, followed by confluence of two small tribs"
"175","NFY",8058675,39.5112,-120.9785,2013-07-01,7,2013,2013,112,137,139.71,184,"observed","Just upstream of site, followed by confluence of two small tribs"
"176","NFY",8058675,39.5112,-120.9785,2013-08-01,8,2013,2013,102,106,106.39,112,"observed","Just upstream of site, followed by confluence of two small tribs"
"177","NFY",8058675,39.5112,-120.9785,2013-09-01,9,2013,2013,102,111.5,113.4,140,"observed","Just upstream of site, followed by confluence of two small tribs"
"178","NFY",8058675,39.5112,-120.9785,2013-10-01,10,2013,2014,104,106,107.1,129,"observed","Just upstream of site, followed by confluence of two small tribs"
"179","NFY",8058675,39.5112,-120.9785,2013-11-01,11,2013,2014,104,108.5,115.67,210,"observed","Just upstream of site, followed by confluence of two small tribs"
"180","NFY",8058675,39.5112,-120.9785,2013-12-01,12,2013,2014,108,115,117.16,148,"observed","Just upstream of site, followed by confluence of two small tribs"
"181","NFY",8058675,39.5112,-120.9785,2014-01-01,1,2014,2014,103,108,120.16,363,"observed","Just upstream of site, followed by confluence of two small tribs"
"182","NFY",8058675,39.5112,-120.9785,2014-02-01,2,2014,2014,120,398,626.32,3490,"observed","Just upstream of site, followed by confluence of two small tribs"
"183","NFY",8058675,39.5112,-120.9785,2014-03-01,3,2014,2014,370,634,814.19,2340,"observed","Just upstream of site, followed by confluence of two small tribs"
"184","NFY",8058675,39.5112,-120.9785,2014-04-01,4,2014,2014,580,775.5,785.7,1080,"observed","Just upstream of site, followed by confluence of two small tribs"
"185","NFY",8058675,39.5112,-120.9785,2014-05-01,5,2014,2014,241,430,425.71,624,"observed","Just upstream of site, followed by confluence of two small tribs"
"186","NFY",8058675,39.5112,-120.9785,2014-06-01,6,2014,2014,137,165,170.13,233,"observed","Just upstream of site, followed by confluence of two small tribs"
"187","NFY",8058675,39.5112,-120.9785,2014-07-01,7,2014,2014,102,118,117.1,132,"observed","Just upstream of site, followed by confluence of two small tribs"
"188","NFY",8058675,39.5112,-120.9785,2014-08-01,8,2014,2014,88,97,99.58,137,"observed","Just upstream of site, followed by confluence of two small tribs"
"189","NFY",8058675,39.5112,-120.9785,2014-09-01,9,2014,2014,82,84,88.1,113,"observed","Just upstream of site, followed by confluence of two small tribs"
"190","NFY",8058675,39.5112,-120.9785,2014-10-01,10,2014,2015,83,94,97.39,147,"observed","Just upstream of site, followed by confluence of two small tribs"
"191","NFY",8058675,39.5112,-120.9785,2014-11-01,11,2014,2015,95,110.5,130.4,290,"observed","Just upstream of site, followed by confluence of two small tribs"
"192","NFY",8058675,39.5112,-120.9785,2014-12-01,12,2014,2015,335,708,831.74,2320,"observed","Just upstream of site, followed by confluence of two small tribs"
"193","NFY",8058675,39.5112,-120.9785,2015-01-01,1,2015,2015,277,315,322.39,433,"observed","Just upstream of site, followed by confluence of two small tribs"
"194","NFY",8058675,39.5112,-120.9785,2015-02-01,2,2015,2015,261,537,898.79,4230,"observed","Just upstream of site, followed by confluence of two small tribs"
"195","NFY",8058675,39.5112,-120.9785,2015-03-01,3,2015,2015,252,304,305.06,377,"observed","Just upstream of site, followed by confluence of two small tribs"
"196","NFY",8058675,39.5112,-120.9785,2015-04-01,4,2015,2015,207,246.5,250.8,364,"observed","Just upstream of site, followed by confluence of two small tribs"
"197","NFY",8058675,39.5112,-120.9785,2015-05-01,5,2015,2015,165,201,202.45,290,"observed","Just upstream of site, followed by confluence of two small tribs"
"198","NFY",8058675,39.5112,-120.9785,2015-06-01,6,2015,2015,96,120.5,124.87,162,"observed","Just upstream of site, followed by confluence of two small tribs"
"199","NFY",8058675,39.5112,-120.9785,2015-07-01,7,2015,2015,76,91,92.32,131,"observed","Just upstream of site, followed by confluence of two small tribs"
"200","NFY",8058675,39.5112,-120.9785,2015-08-01,8,2015,2015,67,72,72.26,81,"observed","Just upstream of site, followed by confluence of two small tribs"
"201","NFY",8058675,39.5112,-120.9785,2015-09-01,9,2015,2015,67,69,69.17,76,"observed","Just upstream of site, followed by confluence of two small tribs"
"202","NFY",8058675,39.5112,-120.9785,2016-01-01,1,2016,2016,204,570,1122.48387096774,6910,"observed","Just upstream of site, followed by confluence of two small tribs"
"203","NFY",8058675,39.5112,-120.9785,2016-02-01,2,2016,2016,760,839,960.586206896552,1910,"observed","Just upstream of site, followed by confluence of two small tribs"
"204","NFY",8058675,39.5112,-120.9785,2016-03-01,3,2016,2016,785,2240,2663.09677419355,7040,"observed","Just upstream of site, followed by confluence of two small tribs"
"205","NFY",8058675,39.5112,-120.9785,2016-04-01,4,2016,2016,1190,1660,1673.66666666667,2210,"observed","Just upstream of site, followed by confluence of two small tribs"
"206","NFY",8058675,39.5112,-120.9785,2016-05-01,5,2016,2016,984,1470,1411.58064516129,1870,"observed","Just upstream of site, followed by confluence of two small tribs"
"207","NFY",8058675,39.5112,-120.9785,2016-06-01,6,2016,2016,296,513.5,586.566666666667,1090,"observed","Just upstream of site, followed by confluence of two small tribs"
"208","NFY",8058675,39.5112,-120.9785,2016-07-01,7,2016,2016,167,211,217.677419354839,288,"observed","Just upstream of site, followed by confluence of two small tribs"
"209","NFY",8058675,39.5112,-120.9785,2016-08-01,8,2016,2016,128,144,145.709677419355,165,"observed","Just upstream of site, followed by confluence of two small tribs"
"210","NFY",8058675,39.5112,-120.9785,2016-09-01,9,2016,2016,115,122,121.9,130,"observed","Just upstream of site, followed by confluence of two small tribs"
"211","NFY",8058675,39.5112,-120.9785,2016-10-01,10,2016,2017,115,210,379.290322580645,1420,"observed","Just upstream of site, followed by confluence of two small tribs"
"212","NFY",8058675,39.5112,-120.9785,2016-11-01,11,2016,2017,261,415.5,454.833333333333,1070,"observed","Just upstream of site, followed by confluence of two small tribs"
"213","NFY",8058675,39.5112,-120.9785,2016-12-01,12,2016,2017,284,1010,1738.25806451613,9920,"observed","Just upstream of site, followed by confluence of two small tribs"
"214","NFY",8058675,39.5112,-120.9785,2017-01-01,1,2017,2017,633,1940,3116.32258064516,14700,"observed","Just upstream of site, followed by confluence of two small tribs"
"215","NFY",8058675,39.5112,-120.9785,2017-02-01,2,2017,2017,1130,3590,5262.14285714286,16400,"observed","Just upstream of site, followed by confluence of two small tribs"
"216","NFY",8058675,39.5112,-120.9785,2017-03-01,3,2017,2017,1470,2050,2199.03225806452,4570,"observed","Just upstream of site, followed by confluence of two small tribs"
"217","NFY",8058675,39.5112,-120.9785,2017-04-01,4,2017,2017,2090,3065,3118.66666666667,5040,"observed","Just upstream of site, followed by confluence of two small tribs"
"218","NFY",8058675,39.5112,-120.9785,2017-05-01,5,2017,2017,2400,3310,3383.87096774194,4900,"observed","Just upstream of site, followed by confluence of two small tribs"
"219","NFY",8058675,39.5112,-120.9785,2017-06-01,6,2017,2017,987,2000,1991.23333333333,2840,"observed","Just upstream of site, followed by confluence of two small tribs"
"220","NFY",8058675,39.5112,-120.9785,2017-07-01,7,2017,2017,318,467,523.096774193548,944,"observed","Just upstream of site, followed by confluence of two small tribs"
"221","NFY",8058675,39.5112,-120.9785,2017-08-01,8,2017,2017,206,256,257.064516129032,314,"observed","Just upstream of site, followed by confluence of two small tribs"
"222","NFY",8058675,39.5112,-120.9785,2017-09-01,9,2017,2017,187,200,202.533333333333,241,"observed","Just upstream of site, followed by confluence of two small tribs"
"223","NFY",8058675,39.5112,-120.9785,2017-10-01,10,2017,2018,167,175,179.677419354839,238,"observed","Just upstream of site, followed by confluence of two small tribs"
"224","NFY",8058675,39.5112,-120.9785,2017-11-01,11,2017,2018,166,671,900.2,5690,"observed","Just upstream of site, followed by confluence of two small tribs"
"225","NFY",8058675,39.5112,-120.9785,2017-12-01,12,2017,2018,233,316,357.032258064516,672,"observed","Just upstream of site, followed by confluence of two small tribs"
"226","NFY",8058675,39.5112,-120.9785,2018-01-01,1,2018,2018,224,649,715.677419354839,2080,"observed","Just upstream of site, followed by confluence of two small tribs"
"227","NFY",8058675,39.5112,-120.9785,2018-02-01,2,2018,2018,301,374.5,406.357142857143,556,"observed","Just upstream of site, followed by confluence of two small tribs"
"228","NFY",8058675,39.5112,-120.9785,2018-03-01,3,2018,2018,577,1350,1784.35483870968,10800,"observed","Just upstream of site, followed by confluence of two small tribs"
"229","NFY",8058675,39.5112,-120.9785,2018-04-01,4,2018,2018,1230,1715,2153.66666666667,8560,"observed","Just upstream of site, followed by confluence of two small tribs"
"230","NFY",8058675,39.5112,-120.9785,2018-05-01,5,2018,2018,587,887,913.483870967742,1170,"observed","Just upstream of site, followed by confluence of two small tribs"
"231","NFY",8058675,39.5112,-120.9785,2018-06-01,6,2018,2018,243,342,359.1,555,"observed","Just upstream of site, followed by confluence of two small tribs"
"232","NFY",8058675,39.5112,-120.9785,2018-07-01,7,2018,2018,157,189,191.193548387097,235,"observed","Just upstream of site, followed by confluence of two small tribs"
"233","NFY",8058675,39.5112,-120.9785,2018-08-01,8,2018,2018,125,136,136.935483870968,154,"observed","Just upstream of site, followed by confluence of two small tribs"
"234","NFY",8058675,39.5112,-120.9785,2018-09-01,9,2018,2018,109,114,114.333333333333,123,"observed","Just upstream of site, followed by confluence of two small tribs"
"235","NFY",8058675,39.5112,-120.9785,2018-10-01,10,2018,2019,110,111,115.709677419355,146,"observed","Just upstream of site, followed by confluence of two small tribs"
"236","NFY",8058675,39.5112,-120.9785,2018-11-01,11,2018,2019,108,111.5,192.433333333333,600,"observed","Just upstream of site, followed by confluence of two small tribs"
"237","NFY",8058675,39.5112,-120.9785,2018-12-01,12,2018,2019,143,196,227.870967741935,604,"observed","Just upstream of site, followed by confluence of two small tribs"
"238","NFY",8058675,39.5112,-120.9785,2019-01-01,1,2019,2019,172,574,745.838709677419,2990,"observed","Just upstream of site, followed by confluence of two small tribs"
"239","NFY",8058675,39.5112,-120.9785,2019-02-01,2,2019,2019,545,931,1333.67857142857,5610,"observed","Just upstream of site, followed by confluence of two small tribs"
"240","NFY",8058675,39.5112,-120.9785,2019-03-01,3,2019,2019,998,1420,1685.74193548387,3620,"observed","Just upstream of site, followed by confluence of two small tribs"
"241","NFY",8058675,39.5112,-120.9785,2019-04-01,4,2019,2019,1440,2585,2704.33333333333,5380,"observed","Just upstream of site, followed by confluence of two small tribs"
"242","NFY",8058675,39.5112,-120.9785,2019-05-01,5,2019,2019,1850,2320,2405.8064516129,3330,"observed","Just upstream of site, followed by confluence of two small tribs"
"243","NFY",8058675,39.5112,-120.9785,2019-06-01,6,2019,2019,815,2180,2071.5,3470,"observed","Just upstream of site, followed by confluence of two small tribs"
"244","NFY",8058675,39.5112,-120.9785,2019-07-01,7,2019,2019,307,462,493.645161290323,784,"observed","Just upstream of site, followed by confluence of two small tribs"
"245","NFY",8058675,39.5112,-120.9785,2019-08-01,8,2019,2019,200,239,244.677419354839,302,"observed","Just upstream of site, followed by confluence of two small tribs"
"246","NFY",8058675,39.5112,-120.9785,2019-09-01,9,2019,2019,177,192,199.833333333333,275,"observed","Just upstream of site, followed by confluence of two small tribs"
"247","NFY",8058675,39.5112,-120.9785,2019-10-01,10,2019,2020,157,174,176.709677419355,218,"observed","Just upstream of site, followed by confluence of two small tribs"
"248","NFY",8058675,39.5112,-120.9785,2019-11-01,11,2019,2020,145,150,152.866666666667,174,"observed","Just upstream of site, followed by confluence of two small tribs"
"249","NFY",8058675,39.5112,-120.9785,2019-12-01,12,2019,2020,262,389,508.032258064516,1320,"observed","Just upstream of site, followed by confluence of two small tribs"
"250","NFY",8058675,39.5112,-120.9785,2020-01-01,1,2020,2020,233,260,388.064516129032,1310,"observed","Just upstream of site, followed by confluence of two small tribs"
"251","NFY",8058675,39.5112,-120.9785,2020-02-01,2,2020,2020,281,312,347.206896551724,554,"observed","Just upstream of site, followed by confluence of two small tribs"
"252","NFY",8058675,39.5112,-120.9785,2020-03-01,3,2020,2020,286,382,373.064516129032,479,"observed","Just upstream of site, followed by confluence of two small tribs"
"253","NFY",8058675,39.5112,-120.9785,2020-04-01,4,2020,2020,538,1230,1203.3,1980,"observed","Just upstream of site, followed by confluence of two small tribs"
"254","NFY",8058675,39.5112,-120.9785,2020-05-01,5,2020,2020,876,1190,1282.29032258065,2740,"observed","Just upstream of site, followed by confluence of two small tribs"
"255","NFY",8058675,39.5112,-120.9785,2020-06-01,6,2020,2020,241,400,422.4,771,"observed","Just upstream of site, followed by confluence of two small tribs"
"256","NFY",8058675,39.5112,-120.9785,2020-07-01,7,2020,2020,145,178,181.709677419355,236,"observed","Just upstream of site, followed by confluence of two small tribs"
"257","NFY",8058675,39.5112,-120.9785,2020-08-01,8,2020,2020,108,124,125.387096774194,143,"observed","Just upstream of site, followed by confluence of two small tribs"
"258","NFY",8058675,39.5112,-120.9785,2020-09-01,9,2020,2020,94.2,99.45,100.023333333333,107,"observed","Just upstream of site, followed by confluence of two small tribs"
"259","NFY",8058675,39.5112,-120.9785,2020-10-01,10,2020,2021,92.6,93.9,94.0806451612903,96.4,"observed","Just upstream of site, followed by confluence of two small tribs"
"260","NFY",8058675,39.5112,-120.9785,2020-11-01,11,2020,2021,94.8,112.5,127.776666666667,425,"observed","Just upstream of site, followed by confluence of two small tribs"
"261","NFY",8058675,39.5112,-120.9785,2020-12-01,12,2020,2021,109,131,144.032258064516,325,"observed","Just upstream of site, followed by confluence of two small tribs"
"262","NFY",8058675,39.5112,-120.9785,2021-01-01,1,2021,2021,133,165,183.290322580645,428,"observed","Just upstream of site, followed by confluence of two small tribs"
"263","NFY",8058675,39.5112,-120.9785,2021-02-01,2,2021,2021,186,281.5,306.464285714286,578,"observed","Just upstream of site, followed by confluence of two small tribs"
"264","NFY",8058675,39.5112,-120.9785,2021-03-01,3,2021,2021,230,269,322.129032258065,665,"observed","Just upstream of site, followed by confluence of two small tribs"
"265","NFY",8058675,39.5112,-120.9785,2021-04-01,4,2021,2021,468,638.5,613.333333333333,713,"observed","Just upstream of site, followed by confluence of two small tribs"
"266","NFY",8058675,39.5112,-120.9785,2021-05-01,5,2021,2021,226,458,476.935483870968,788,"observed","Just upstream of site, followed by confluence of two small tribs"
"267","NFY",8058675,39.5112,-120.9785,2021-06-01,6,2021,2021,111,145.5,150.133333333333,216,"observed","Just upstream of site, followed by confluence of two small tribs"
"268","NFY",8058675,39.5112,-120.9785,2021-07-01,7,2021,2021,86,93.1,95.1451612903226,110,"observed","Just upstream of site, followed by confluence of two small tribs"
"269","NFY",8058675,39.5112,-120.9785,2021-08-01,8,2021,2021,72.7,77.6,78.3322580645161,86.2,"observed","Just upstream of site, followed by confluence of two small tribs"
"270","NFY",8058675,39.5112,-120.9785,2021-09-01,9,2021,2021,71.5,75.85,78.12,96.9,"observed","Just upstream of site, followed by confluence of two small tribs"
"271","NFY",8058675,39.5112,-120.9785,2021-10-01,10,2021,2022,76.7,92.1,436.470967741936,3760,"observed","Just upstream of site, followed by confluence of two small tribs"
"272","NFY",8058675,39.5112,-120.9785,2021-11-01,11,2021,2022,183,308,363.1,1090,"observed","Just upstream of site, followed by confluence of two small tribs"
"273","NFY",8058675,39.5112,-120.9785,2021-12-01,12,2021,2022,160,317,566.58064516129,2290,"observed","Just upstream of site, followed by confluence of two small tribs"
"274","NFY",8058675,39.5112,-120.9785,2022-01-01,1,2022,2022,429,588,606.032258064516,957,"observed","Just upstream of site, followed by confluence of two small tribs"
"275","NFY",8058675,39.5112,-120.9785,2022-02-01,2,2022,2022,401,464,491.857142857143,648,"observed","Just upstream of site, followed by confluence of two small tribs"
"276","NFY",8058675,39.5112,-120.9785,2022-03-01,3,2022,2022,399,548,678.677419354839,1350,"observed","Just upstream of site, followed by confluence of two small tribs"
"277","NFY",8058675,39.5112,-120.9785,2022-04-01,4,2022,2022,726,1105,1158.63333333333,2060,"observed","Just upstream of site, followed by confluence of two small tribs"
"278","NFY",8058675,39.5112,-120.9785,2022-05-01,5,2022,2022,671,1020,1068.38709677419,1480,"observed","Just upstream of site, followed by confluence of two small tribs"
"279","NFY",8058675,39.5112,-120.9785,2022-06-01,6,2022,2022,234,448.5,469.2,919,"observed","Just upstream of site, followed by confluence of two small tribs"
"280","NFY",8058675,39.5112,-120.9785,2022-07-01,7,2022,2022,141,172,177.677419354839,228,"observed","Just upstream of site, followed by confluence of two small tribs"
"281","NFY",8058675,39.5112,-120.9785,2022-08-01,8,2022,2022,104,118,119.806451612903,143,"observed","Just upstream of site, followed by confluence of two small tribs"
"282","NFY",8058675,39.5112,-120.9785,2022-09-01,9,2022,2022,96,101,105.343333333333,154,"observed","Just upstream of site, followed by confluence of two small tribs"
"283","NFY",8058675,39.5112,-120.9785,2022-10-01,10,2022,2023,93,96.2,96.3193548387097,101,"observed","Just upstream of site, followed by confluence of two small tribs"
"284","NFY",8058675,39.5112,-120.9785,2022-11-01,11,2022,2023,107,117,122.103448275862,170,"observed","Just upstream of site, followed by confluence of two small tribs"
"285","NFY",8058675,39.5112,-120.9785,2022-12-01,12,2022,2023,136,188,699.677419354839,6690,"observed","Just upstream of site, followed by confluence of two small tribs"
"286","NFY",8058675,39.5112,-120.9785,2023-01-01,1,2023,2023,639,1310,1653.06451612903,3460,"observed","Just upstream of site, followed by confluence of two small tribs"
"287","NFY",8058675,39.5112,-120.9785,2023-02-01,2,2023,2023,490,562,622.964285714286,1320,"observed","Just upstream of site, followed by confluence of two small tribs"
"288","NFY",8058675,39.5112,-120.9785,2023-03-01,3,2023,2023,437,1405,1650.13333333333,4960,"observed","Just upstream of site, followed by confluence of two small tribs"
"289","NFY",8058675,39.5112,-120.9785,2023-04-01,4,2023,2023,834,1675,1789.1,3820,"observed","Just upstream of site, followed by confluence of two small tribs"
"290","NFY",8058675,39.5112,-120.9785,2023-05-01,5,2023,2023,1600,3320,3076.77419354839,4520,"observed","Just upstream of site, followed by confluence of two small tribs"
"291","NFY",8058675,39.5112,-120.9785,2023-06-01,6,2023,2023,1090,2450,2261.66666666667,3340,"observed","Just upstream of site, followed by confluence of two small tribs"
"292","NFY",8058675,39.5112,-120.9785,2023-07-01,7,2023,2023,278,454,530.354838709677,1080,"observed","Just upstream of site, followed by confluence of two small tribs"
"293","NFY",8058675,39.5112,-120.9785,2023-08-01,8,2023,2023,208,253,255.290322580645,301,"observed","Just upstream of site, followed by confluence of two small tribs"
"294","NFY",8058675,39.5112,-120.9785,2023-09-01,9,2023,2023,180,195,213.206896551724,339,"observed","Just upstream of site, followed by confluence of two small tribs"
"295","NFY",8058675,39.5112,-120.9785,2023-10-01,10,2023,2024,148,168,169.516129032258,197,"observed","Just upstream of site, followed by confluence of two small tribs"
"296","NFY",8058675,39.5112,-120.9785,2023-11-01,11,2023,2024,141,170.5,198.1,539,"observed","Just upstream of site, followed by confluence of two small tribs"
"297","NFY",8058675,39.5112,-120.9785,2023-12-01,12,2023,2024,171,243,299.129032258065,1300,"observed","Just upstream of site, followed by confluence of two small tribs"
"298","NFY",8058675,39.5112,-120.9785,2024-01-01,1,2024,2024,224,480,559.935483870968,1640,"observed","Just upstream of site, followed by confluence of two small tribs"
"299","NFY",8058675,39.5112,-120.9785,2024-02-01,2,2024,2024,536,902,1011.62068965517,2480,"observed","Just upstream of site, followed by confluence of two small tribs"
"300","NFY",8058675,39.5112,-120.9785,2024-03-01,3,2024,2024,827,1110,1123.32258064516,1760,"observed","Just upstream of site, followed by confluence of two small tribs"
"301","NFY",8058675,39.5112,-120.9785,2024-04-01,4,2024,2024,949,1580,1667.86666666667,2590,"observed","Just upstream of site, followed by confluence of two small tribs"
"302","NFY",8058675,39.5112,-120.9785,2024-05-01,5,2024,2024,1500,1850,2005.8064516129,2850,"observed","Just upstream of site, followed by confluence of two small tribs"
"303","NFY",8058675,39.5112,-120.9785,2024-06-01,6,2024,2024,345,615,751.033333333333,1460,"observed","Just upstream of site, followed by confluence of two small tribs"
"304","NFY",8058675,39.5112,-120.9785,2024-07-01,7,2024,2024,192,233.5,240.933333333333,337,"observed","Just upstream of site, followed by confluence of two small tribs"
"305","NFY",8058675,39.5112,-120.9785,2024-08-01,8,2024,2024,150,165,168.516129032258,192,"observed","Just upstream of site, followed by confluence of two small tribs"
"306","NFY",8058675,39.5112,-120.9785,2024-09-01,9,2024,2024,125,135,135.7,150,"observed","Just upstream of site, followed by confluence of two small tribs"
"307","NFY",8058675,39.5112,-120.9785,2024-10-01,10,2024,2025,120,124,126.709677419355,146,"observed","Just upstream of site, followed by confluence of two small tribs"
"308","NFY",8058675,39.5112,-120.9785,2024-11-01,11,2024,2025,129,150.5,348.1,1850,"observed","Just upstream of site, followed by confluence of two small tribs"
"309","NFY",8058675,39.5112,-120.9785,2024-12-01,12,2024,2025,210,366,752.258064516129,3500,"observed","Just upstream of site, followed by confluence of two small tribs"
"310","NFY",8058675,39.5112,-120.9785,2025-01-01,1,2025,2025,306,455,559.193548387097,1230,"observed","Just upstream of site, followed by confluence of two small tribs"
"311","NFY",8058675,39.5112,-120.9785,2025-02-01,2,2025,2025,932,1615,2357.57142857143,6740,"observed","Just upstream of site, followed by confluence of two small tribs"
"312","NFY",8058675,39.5112,-120.9785,2025-03-01,3,2025,2025,771,1040,1236.77419354839,2160,"observed","Just upstream of site, followed by confluence of two small tribs"
"313","NFY",8058675,39.5112,-120.9785,2025-04-01,4,2025,2025,1290,1825,1751.66666666667,2040,"observed","Just upstream of site, followed by confluence of two small tribs"
"314","NFY",8058675,39.5112,-120.9785,2025-05-01,5,2025,2025,1280,1430,1551.93548387097,2100,"observed","Just upstream of site, followed by confluence of two small tribs"
"315","NFY",8058675,39.5112,-120.9785,2025-06-01,6,2025,2025,310,498.5,597.933333333333,1230,"observed","Just upstream of site, followed by confluence of two small tribs"
"316","NFY",8058675,39.5112,-120.9785,2025-07-01,7,2025,2025,192,222,232.354838709677,304,"observed","Just upstream of site, followed by confluence of two small tribs"
"317","NFY",8058675,39.5112,-120.9785,2025-08-01,8,2025,2025,145,159,162,187,"observed","Just upstream of site, followed by confluence of two small tribs"
"318","NFY",8058675,39.5112,-120.9785,2025-09-01,9,2025,2025,131,141,140.766666666667,156,"observed","Just upstream of site, followed by confluence of two small tribs"
"319","TBCG",7952754,40.63047,-121.46606,2016-06-01,6,2016,2016,129,149.5,157.033333333333,188,"observed","Upstream; followed by braiding of Hat Crk. channel but no additional confluences"
"320","TBCG",7952754,40.63047,-121.46606,2016-07-01,7,2016,2016,103,116,114.41935483871,123,"observed","Upstream; followed by braiding of Hat Crk. channel but no additional confluences"
"321","TBCG",7952754,40.63047,-121.46606,2016-08-01,8,2016,2016,99.8,109,106.993548387097,112,"observed","Upstream; followed by braiding of Hat Crk. channel but no additional confluences"
"322","TBCG",7952754,40.63047,-121.46606,2016-09-01,9,2016,2016,99,101,103.613333333333,109,"observed","Upstream; followed by braiding of Hat Crk. channel but no additional confluences"
"323","TBCG",7952754,40.63047,-121.46606,2016-10-01,10,2016,2017,99.8,111,119.993548387097,198,"observed","Upstream; followed by braiding of Hat Crk. channel but no additional confluences"
"324","TBCG",7952754,40.63047,-121.46606,2016-11-01,11,2016,2017,114,119.5,120.933333333333,139,"observed","Upstream; followed by braiding of Hat Crk. channel but no additional confluences"
"325","TBCG",7952754,40.63047,-121.46606,2016-12-01,12,2016,2017,108,130,147.322580645161,313,"observed","Upstream; followed by braiding of Hat Crk. channel but no additional confluences"
"326","TBCG",7952754,40.63047,-121.46606,2017-01-01,1,2017,2017,115,134,149.064516129032,342,"observed","Upstream; followed by braiding of Hat Crk. channel but no additional confluences"
"327","TBCG",7952754,40.63047,-121.46606,2017-02-01,2,2017,2017,124,167,182.75,394,"observed","Upstream; followed by braiding of Hat Crk. channel but no additional confluences"
"328","TBCG",7952754,40.63047,-121.46606,2017-03-01,3,2017,2017,141,157,160.387096774194,209,"observed","Upstream; followed by braiding of Hat Crk. channel but no additional confluences"
"329","TBCG",7952754,40.63047,-121.46606,2017-04-01,4,2017,2017,159,171,174.766666666667,197,"observed","Upstream; followed by braiding of Hat Crk. channel but no additional confluences"
"330","TBCG",7952754,40.63047,-121.46606,2017-05-01,5,2017,2017,206,233,233.935483870968,277,"observed","Upstream; followed by braiding of Hat Crk. channel but no additional confluences"
"331","TBCG",7952754,40.63047,-121.46606,2017-06-01,6,2017,2017,200,236,233.466666666667,263,"observed","Upstream; followed by braiding of Hat Crk. channel but no additional confluences"
"332","TBCG",7952754,40.63047,-121.46606,2017-07-01,7,2017,2017,164,193,186.41935483871,208,"observed","Upstream; followed by braiding of Hat Crk. channel but no additional confluences"
"333","TBCG",7952754,40.63047,-121.46606,2017-08-01,8,2017,2017,153,168,167.225806451613,181,"observed","Upstream; followed by braiding of Hat Crk. channel but no additional confluences"
"334","TBCG",7952754,40.63047,-121.46606,2017-09-01,9,2017,2017,151,155,158.266666666667,166,"observed","Upstream; followed by braiding of Hat Crk. channel but no additional confluences"
"335","TBCG",7952754,40.63047,-121.46606,2017-10-01,10,2017,2018,148,161,158.225806451613,166,"observed","Upstream; followed by braiding of Hat Crk. channel but no additional confluences"
"336","TBCG",7952754,40.63047,-121.46606,2017-11-01,11,2017,2018,159,169,172.533333333333,202,"observed","Upstream; followed by braiding of Hat Crk. channel but no additional confluences"
"337","TBCG",7952754,40.63047,-121.46606,2017-12-01,12,2017,2018,151,158,158.516129032258,168,"observed","Upstream; followed by braiding of Hat Crk. channel but no additional confluences"
"338","TBCG",7952754,40.63047,-121.46606,2018-01-01,1,2018,2018,155,159,160.096774193548,178,"observed","Upstream; followed by braiding of Hat Crk. channel but no additional confluences"
"339","TBCG",7952754,40.63047,-121.46606,2018-02-01,2,2018,2018,143,152.5,151.035714285714,156,"observed","Upstream; followed by braiding of Hat Crk. channel but no additional confluences"
"340","TBCG",7952754,40.63047,-121.46606,2018-03-01,3,2018,2018,144,155,159.548387096774,207,"observed","Upstream; followed by braiding of Hat Crk. channel but no additional confluences"
"341","TBCG",7952754,40.63047,-121.46606,2018-04-01,4,2018,2018,159,178,187.033333333333,321,"observed","Upstream; followed by braiding of Hat Crk. channel but no additional confluences"
"342","TBCG",7952754,40.63047,-121.46606,2018-05-01,5,2018,2018,155,169,168.483870967742,180,"observed","Upstream; followed by braiding of Hat Crk. channel but no additional confluences"
"343","TBCG",7952754,40.63047,-121.46606,2018-06-01,6,2018,2018,130,145.5,148.633333333333,169,"observed","Upstream; followed by braiding of Hat Crk. channel but no additional confluences"
"344","TBCG",7952754,40.63047,-121.46606,2018-07-01,7,2018,2018,118,124,127.096774193548,139,"observed","Upstream; followed by braiding of Hat Crk. channel but no additional confluences"
"345","TBCG",7952754,40.63047,-121.46606,2018-08-01,8,2018,2018,121,133,129.290322580645,135,"observed","Upstream; followed by braiding of Hat Crk. channel but no additional confluences"
"346","TBCG",7952754,40.63047,-121.46606,2018-09-01,9,2018,2018,123,125,128.1,134,"observed","Upstream; followed by braiding of Hat Crk. channel but no additional confluences"
"347","TBCG",7952754,40.63047,-121.46606,2018-10-01,10,2018,2019,118,126,126.161290322581,136,"observed","Upstream; followed by braiding of Hat Crk. channel but no additional confluences"
"348","TBCG",7952754,40.63047,-121.46606,2018-11-01,11,2018,2019,119,121,122.733333333333,139,"observed","Upstream; followed by braiding of Hat Crk. channel but no additional confluences"
"349","TBCG",7952754,40.63047,-121.46606,2018-12-01,12,2018,2019,128,134,133.967741935484,143,"observed","Upstream; followed by braiding of Hat Crk. channel but no additional confluences"
"350","TBCG",7952754,40.63047,-121.46606,2019-01-01,1,2019,2019,126,133,133.41935483871,147,"observed","Upstream; followed by braiding of Hat Crk. channel but no additional confluences"
"351","TBCG",7952754,40.63047,-121.46606,2019-02-01,2,2019,2019,129,134,136.25,166,"observed","Upstream; followed by braiding of Hat Crk. channel but no additional confluences"
"352","TBCG",7952754,40.63047,-121.46606,2019-03-01,3,2019,2019,135,138,138.645161290323,147,"observed","Upstream; followed by braiding of Hat Crk. channel but no additional confluences"
"353","TBCG",7952754,40.63047,-121.46606,2019-04-01,4,2019,2019,144,175.5,188.933333333333,255,"observed","Upstream; followed by braiding of Hat Crk. channel but no additional confluences"
"354","TBCG",7952754,40.63047,-121.46606,2019-05-01,5,2019,2019,188,232,234.806451612903,308,"observed","Upstream; followed by braiding of Hat Crk. channel but no additional confluences"
"355","TBCG",7952754,40.63047,-121.46606,2019-06-01,6,2019,2019,190,238,237.233333333333,277,"observed","Upstream; followed by braiding of Hat Crk. channel but no additional confluences"
"356","TBCG",7952754,40.63047,-121.46606,2019-07-01,7,2019,2019,147,177,169.774193548387,188,"observed","Upstream; followed by braiding of Hat Crk. channel but no additional confluences"
"357","TBCG",7952754,40.63047,-121.46606,2019-08-01,8,2019,2019,134,151,148.032258064516,160,"observed","Upstream; followed by braiding of Hat Crk. channel but no additional confluences"
"358","TBCG",7952754,40.63047,-121.46606,2019-09-01,9,2019,2019,133,139,141.8,154,"observed","Upstream; followed by braiding of Hat Crk. channel but no additional confluences"
"359","TBCG",7952754,40.63047,-121.46606,2019-10-01,10,2019,2020,146,148,148.322580645161,150,"observed","Upstream; followed by braiding of Hat Crk. channel but no additional confluences"
"360","TBCG",7952754,40.63047,-121.46606,2019-11-01,11,2019,2020,139,147,145.866666666667,148,"observed","Upstream; followed by braiding of Hat Crk. channel but no additional confluences"
"361","TBCG",7952754,40.63047,-121.46606,2019-12-01,12,2019,2020,137,148,147.741935483871,157,"observed","Upstream; followed by braiding of Hat Crk. channel but no additional confluences"
"362","TBCG",7952754,40.63047,-121.46606,2020-01-01,1,2020,2020,140,146,146.612903225806,168,"observed","Upstream; followed by braiding of Hat Crk. channel but no additional confluences"
"363","TBCG",7952754,40.63047,-121.46606,2020-02-01,2,2020,2020,137,142,142.206896551724,146,"observed","Upstream; followed by braiding of Hat Crk. channel but no additional confluences"
"364","TBCG",7952754,40.63047,-121.46606,2020-03-01,3,2020,2020,139,142,141.58064516129,143,"observed","Upstream; followed by braiding of Hat Crk. channel but no additional confluences"
"365","TBCG",7952754,40.63047,-121.46606,2020-04-01,4,2020,2020,142,150.5,151.5,171,"observed","Upstream; followed by braiding of Hat Crk. channel but no additional confluences"
"366","TBCG",7952754,40.63047,-121.46606,2020-05-01,5,2020,2020,148,159,162.41935483871,197,"observed","Upstream; followed by braiding of Hat Crk. channel but no additional confluences"
"367","TBCG",7952754,40.63047,-121.46606,2020-06-01,6,2020,2020,129,138.5,141.8,161,"observed","Upstream; followed by braiding of Hat Crk. channel but no additional confluences"
"368","TBCG",7952754,40.63047,-121.46606,2020-07-01,7,2020,2020,122,125,126.516129032258,133,"observed","Upstream; followed by braiding of Hat Crk. channel but no additional confluences"
"369","TBCG",7952754,40.63047,-121.46606,2020-08-01,8,2020,2020,117,127,123.58064516129,128,"observed","Upstream; followed by braiding of Hat Crk. channel but no additional confluences"
"370","TBCG",7952754,40.63047,-121.46606,2020-09-01,9,2020,2020,113,117,119.3,126,"observed","Upstream; followed by braiding of Hat Crk. channel but no additional confluences"
"371","TBCG",7952754,40.63047,-121.46606,2020-10-01,10,2020,2021,112,122,119.129032258065,123,"observed","Upstream; followed by braiding of Hat Crk. channel but no additional confluences"
"372","TBCG",7952754,40.63047,-121.46606,2020-11-01,11,2020,2021,120,123,123.166666666667,128,"observed","Upstream; followed by braiding of Hat Crk. channel but no additional confluences"
"373","TBCG",7952754,40.63047,-121.46606,2020-12-01,12,2020,2021,119,122,121.806451612903,125,"observed","Upstream; followed by braiding of Hat Crk. channel but no additional confluences"
"374","TBCG",7952754,40.63047,-121.46606,2021-01-01,1,2021,2021,118,122,121.258064516129,125,"observed","Upstream; followed by braiding of Hat Crk. channel but no additional confluences"
"375","TBCG",7952754,40.63047,-121.46606,2021-02-01,2,2021,2021,120,122,122.428571428571,126,"observed","Upstream; followed by braiding of Hat Crk. channel but no additional confluences"
"376","TBCG",7952754,40.63047,-121.46606,2021-03-01,3,2021,2021,122,124,123.741935483871,125,"observed","Upstream; followed by braiding of Hat Crk. channel but no additional confluences"
"377","TBCG",7952754,40.63047,-121.46606,2021-04-01,4,2021,2021,126,132.5,136,154,"observed","Upstream; followed by braiding of Hat Crk. channel but no additional confluences"
"378","TBCG",7952754,40.63047,-121.46606,2021-05-01,5,2021,2021,120,138,136.032258064516,152,"observed","Upstream; followed by braiding of Hat Crk. channel but no additional confluences"
"379","TBCG",7952754,40.63047,-121.46606,2021-06-01,6,2021,2021,108,117,117.3,131,"observed","Upstream; followed by braiding of Hat Crk. channel but no additional confluences"
"380","TBCG",7952754,40.63047,-121.46606,2021-07-01,7,2021,2021,102,105,107.032258064516,113,"observed","Upstream; followed by braiding of Hat Crk. channel but no additional confluences"
"381","TBCG",7952754,40.63047,-121.46606,2021-08-01,8,2021,2021,99.2,108,106.158064516129,112,"observed","Upstream; followed by braiding of Hat Crk. channel but no additional confluences"
"382","TBCG",7952754,40.63047,-121.46606,2021-09-01,9,2021,2021,98.5,101,102.8,108,"observed","Upstream; followed by braiding of Hat Crk. channel but no additional confluences"
"383","TBCG",7952754,40.63047,-121.46606,2021-10-01,10,2021,2022,98.1,106,115.229032258065,243,"observed","Upstream; followed by braiding of Hat Crk. channel but no additional confluences"
"384","TBCG",7952754,40.63047,-121.46606,2021-11-01,11,2021,2022,108,113,113.733333333333,128,"observed","Upstream; followed by braiding of Hat Crk. channel but no additional confluences"
"385","TBCG",7952754,40.63047,-121.46606,2021-12-01,12,2021,2022,102,106,106.161290322581,112,"observed","Upstream; followed by braiding of Hat Crk. channel but no additional confluences"
"386","TBCG",7952754,40.63047,-121.46606,2022-01-01,1,2022,2022,102,105,104.064516129032,107,"observed","Upstream; followed by braiding of Hat Crk. channel but no additional confluences"
"387","TBCG",7952754,40.63047,-121.46606,2022-02-01,2,2022,2022,101,103,102.607142857143,104,"observed","Upstream; followed by braiding of Hat Crk. channel but no additional confluences"
"388","TBCG",7952754,40.63047,-121.46606,2022-03-01,3,2022,2022,103,107,112.41935483871,136,"observed","Upstream; followed by braiding of Hat Crk. channel but no additional confluences"
"389","TBCG",7952754,40.63047,-121.46606,2022-04-01,4,2022,2022,113,127,128.448275862069,140,"observed","Upstream; followed by braiding of Hat Crk. channel but no additional confluences"
"390","TBCG",7952754,40.63047,-121.46606,2022-05-01,5,2022,2022,119,128,128.612903225806,142,"observed","Upstream; followed by braiding of Hat Crk. channel but no additional confluences"
"391","TBCG",7952754,40.63047,-121.46606,2022-06-01,6,2022,2022,106,117,121.8,152,"observed","Upstream; followed by braiding of Hat Crk. channel but no additional confluences"
"392","TBCG",7952754,40.63047,-121.46606,2022-07-01,7,2022,2022,97.9,103,103.006451612903,107,"observed","Upstream; followed by braiding of Hat Crk. channel but no additional confluences"
"393","TBCG",7952754,40.63047,-121.46606,2022-08-01,8,2022,2022,94.6,100,98.9483870967742,103,"observed","Upstream; followed by braiding of Hat Crk. channel but no additional confluences"
"394","TBCG",7952754,40.63047,-121.46606,2022-09-01,9,2022,2022,94.8,99.05,99.4633333333333,105,"observed","Upstream; followed by braiding of Hat Crk. channel but no additional confluences"
"395","TBCG",7952754,40.63047,-121.46606,2022-10-01,10,2022,2023,95.8,104,102.538709677419,106,"observed","Upstream; followed by braiding of Hat Crk. channel but no additional confluences"
"396","TBCG",7952754,40.63047,-121.46606,2022-11-01,11,2022,2023,101,103,103.296296296296,105,"observed","Upstream; followed by braiding of Hat Crk. channel but no additional confluences"
"397","TBCG",7952754,40.63047,-121.46606,2022-12-01,12,2022,2023,101,104,106.633333333333,141,"observed","Upstream; followed by braiding of Hat Crk. channel but no additional confluences"
"398","TBCG",7952754,40.63047,-121.46606,2023-01-01,1,2023,2023,105,116,114.677419354839,125,"observed","Upstream; followed by braiding of Hat Crk. channel but no additional confluences"
"399","TBCG",7952754,40.63047,-121.46606,2023-02-01,2,2023,2023,104,108,107.75,111,"observed","Upstream; followed by braiding of Hat Crk. channel but no additional confluences"
"400","TBCG",7952754,40.63047,-121.46606,2023-03-01,3,2023,2023,101,105,104.433333333333,109,"observed","Upstream; followed by braiding of Hat Crk. channel but no additional confluences"
"401","TBCG",7952754,40.63047,-121.46606,2023-04-01,4,2023,2023,104,124,130.566666666667,205,"observed","Upstream; followed by braiding of Hat Crk. channel but no additional confluences"
"402","TBCG",7952754,40.63047,-121.46606,2023-05-01,5,2023,2023,138,236,217.258064516129,284,"observed","Upstream; followed by braiding of Hat Crk. channel but no additional confluences"
"403","TBCG",7952754,40.63047,-121.46606,2023-06-01,6,2023,2023,175,220,217.333333333333,274,"observed","Upstream; followed by braiding of Hat Crk. channel but no additional confluences"
"404","TBCG",7952754,40.63047,-121.46606,2023-07-01,7,2023,2023,117,139,139.516129032258,173,"observed","Upstream; followed by braiding of Hat Crk. channel but no additional confluences"
"405","TBCG",7952754,40.63047,-121.46606,2023-08-01,8,2023,2023,108,118,117.129032258065,124,"observed","Upstream; followed by braiding of Hat Crk. channel but no additional confluences"
"406","TBCG",7952754,40.63047,-121.46606,2023-09-01,9,2023,2023,114,120,119.533333333333,129,"observed","Upstream; followed by braiding of Hat Crk. channel but no additional confluences"
"407","TBCG",7952754,40.63047,-121.46606,2023-10-01,10,2023,2024,109,119,116.129032258065,126,"observed","Upstream; followed by braiding of Hat Crk. channel but no additional confluences"
"408","TBCG",7952754,40.63047,-121.46606,2023-11-01,11,2023,2024,111,119,117.633333333333,129,"observed","Upstream; followed by braiding of Hat Crk. channel but no additional confluences"
"409","TBCG",7952754,40.63047,-121.46606,2023-12-01,12,2023,2024,118,124,127.387096774194,168,"observed","Upstream; followed by braiding of Hat Crk. channel but no additional confluences"
"410","TBCG",7952754,40.63047,-121.46606,2024-01-01,1,2024,2024,119,128,127.666666666667,137,"observed","Upstream; followed by braiding of Hat Crk. channel but no additional confluences"
"411","TBCG",7952754,40.63047,-121.46606,2024-02-01,2,2024,2024,123,125,126.241379310345,134,"observed","Upstream; followed by braiding of Hat Crk. channel but no additional confluences"
"412","TBCG",7952754,40.63047,-121.46606,2024-03-01,3,2024,2024,114,124,123.774193548387,129,"observed","Upstream; followed by braiding of Hat Crk. channel but no additional confluences"
"413","TBCG",7952754,40.63047,-121.46606,2024-04-01,4,2024,2024,125,144,152.8,191,"observed","Upstream; followed by braiding of Hat Crk. channel but no additional confluences"
"414","TBCG",7952754,40.63047,-121.46606,2024-10-01,10,2024,2025,110,111,113.161290322581,119,"observed","Upstream; followed by braiding of Hat Crk. channel but no additional confluences"
"415","TBCG",7952754,40.63047,-121.46606,2024-11-01,11,2024,2025,112,115,128.166666666667,225,"observed","Upstream; followed by braiding of Hat Crk. channel but no additional confluences"
"416","TBCG",7952754,40.63047,-121.46606,2024-12-01,12,2024,2025,125,134,137.193548387097,178,"observed","Upstream; followed by braiding of Hat Crk. channel but no additional confluences"
"417","TBCG",7952754,40.63047,-121.46606,2025-01-01,1,2025,2025,129,137,139.709677419355,171,"observed","Upstream; followed by braiding of Hat Crk. channel but no additional confluences"
"418","TBCG",7952754,40.63047,-121.46606,2025-02-01,2,2025,2025,138,162.5,180.071428571429,363,"observed","Upstream; followed by braiding of Hat Crk. channel but no additional confluences"
"419","TBCG",7952754,40.63047,-121.46606,2025-03-01,3,2025,2025,149,153,155.064516129032,176,"observed","Upstream; followed by braiding of Hat Crk. channel but no additional confluences"
"420","TBCG",7952754,40.63047,-121.46606,2025-04-01,4,2025,2025,156,203.5,196.5,226,"observed","Upstream; followed by braiding of Hat Crk. channel but no additional confluences"
"421","TBCG",7952754,40.63047,-121.46606,2025-05-01,5,2025,2025,220,236,237.741935483871,257,"observed","Upstream; followed by braiding of Hat Crk. channel but no additional confluences"
"422","TBCG",7952754,40.63047,-121.46606,2025-06-01,6,2025,2025,181,207.5,216.966666666667,261,"observed","Upstream; followed by braiding of Hat Crk. channel but no additional confluences"
"423","TBCG",7952754,40.63047,-121.46606,2025-07-01,7,2025,2025,148,162,160.129032258065,174,"observed","Upstream; followed by braiding of Hat Crk. channel but no additional confluences"
"424","TBCG",7952754,40.63047,-121.46606,2025-08-01,8,2025,2025,139,147,146.516129032258,156,"observed","Upstream; followed by braiding of Hat Crk. channel but no additional confluences"
"425","TBCG",7952754,40.63047,-121.46606,2025-09-01,9,2025,2025,135,139,140.466666666667,148,"observed","Upstream; followed by braiding of Hat Crk. channel but no additional confluences"
